file,sqlsolver result,sqlsolver duration,cvc5 result,agree
calcite/query013-call-0.smt2,UNSAT,0.020918333,unsat,yes
calcite/query026-call-0.smt2,SAT,0.007925709,crash,n/a
calcite/query026-call-1.smt2,SAT,0.00576175,crash,n/a
calcite/query026-call-2.smt2,SAT,0.007245625,crash,n/a
calcite/query026-call-3.smt2,SAT,0.004782917,crash,n/a
calcite/query026-call-4.smt2,UNSAT,0.152853125,unsat,yes
calcite/query029-call-0.smt2,UNSAT,0.353885417,crash,n/a
calcite/query039-call-0.smt2,UNSAT,0.014934583,unsat,yes
calcite/query040-call-0.smt2,UNSAT,0.019001334,unsat,yes
calcite/query044-call-0.smt2,UNSAT,0.010650125,unsat,yes
calcite/query050-call-0.smt2,UNSAT,0.014920084,timeout,n/a
calcite/query051-call-0.smt2,UNSAT,0.022251,unsat,yes
calcite/query053-call-0.smt2,UNSAT,0.742943292,crash,n/a
calcite/query059-call-0.smt2,UNSAT,0.102540666,sat,NO
calcite/query062-call-0.smt2,SAT,0.017204708,crash,n/a
calcite/query062-call-1.smt2,SAT,0.007683584,crash,n/a
calcite/query062-call-2.smt2,SAT,0.007256542,crash,n/a
calcite/query062-call-3.smt2,SAT,0.007600584,crash,n/a
calcite/query062-call-4.smt2,UNSAT,0.053785542,crash,n/a
calcite/query065-call-0.smt2,UNSAT,0.494528291,crash,n/a
calcite/query073-call-0.smt2,UNSAT,0.062911,unsat,yes
calcite/query076-call-0.smt2,UNSAT,0.119895833,unsat,yes
calcite/query082-call-0.smt2,UNSAT,0.00830825,unsat,yes
calcite/query084-call-0.smt2,UNSAT,0.415861833,crash,n/a
calcite/query088-call-0.smt2,UNSAT,0.013111708,unsat,yes
calcite/query089-call-0.smt2,UNSAT,0.058116959,crash,n/a
calcite/query115-call-0.smt2,UNSAT,0.079195833,crash,n/a
calcite/query116-call-0.smt2,UNSAT,11.917781125,crash,n/a
calcite/query120-call-0.smt2,UNSAT,0.013218583,unsat,yes
calcite/query126-call-0.smt2,SAT,0.005497208,sat,yes
calcite/query126-call-1.smt2,SAT,0.006958833,sat,yes
calcite/query126-call-2.smt2,SAT,0.00784,sat,yes
calcite/query126-call-3.smt2,SAT,0.006515583,sat,yes
calcite/query126-call-4.smt2,SAT,0.006419667,sat,yes
calcite/query126-call-5.smt2,SAT,0.006558416,sat,yes
calcite/query126-call-6.smt2,SAT,0.008582625,sat,yes
calcite/query126-call-7.smt2,SAT,0.016037417,sat,yes
calcite/query127-call-0.smt2,UNSAT,0.230578584,unsat,yes
calcite/query143-call-0.smt2,UNSAT,0.221955166,unsat,yes
calcite/query148-call-0.smt2,UNSAT,0.048778333,crash,n/a
calcite/query151-call-0.smt2,UNSAT,0.031197542,crash,n/a
calcite/query153-call-0.smt2,UNSAT,0.004043041,unsat,yes
calcite/query156-call-0.smt2,UNSAT,0.009561667,unsat,yes
calcite/query161-call-0.smt2,UNSAT,0.028599084,unsat,yes
calcite/query162-call-0.smt2,UNSAT,0.139939542,crash,n/a
calcite/query172-call-0.smt2,UNSAT,0.012012542,unsat,yes
calcite/query176-call-0.smt2,SAT,0.034896208,crash,n/a
calcite/query176-call-1.smt2,UNSAT,0.0547985,crash,n/a
calcite/query183-call-0.smt2,UNSAT,0.030595333,crash,n/a
calcite/query185-call-0.smt2,UNSAT,0.04545875,unsat,yes
calcite/query190-call-0.smt2,UNSAT,0.028474916,crash,n/a
calcite/query191-call-0.smt2,SAT,0.487631708,unsat,NO
calcite/query191-call-1.smt2,UNSAT,0.1429145,unsat,yes
calcite/query193-call-0.smt2,SAT,0.009166292,sat,yes
calcite/query193-call-1.smt2,SAT,0.004866083,sat,yes
calcite/query193-call-2.smt2,SAT,0.007426125,sat,yes
calcite/query193-call-3.smt2,SAT,0.005039167,sat,yes
calcite/query193-call-4.smt2,SAT,0.024959166,sat,yes
calcite/query193-call-5.smt2,SAT,0.008477417,sat,yes
calcite/query193-call-6.smt2,SAT,0.006003917,sat,yes
calcite/query193-call-7.smt2,SAT,0.004825375,sat,yes
calcite/query195-call-0.smt2,UNSAT,0.010051375,unsat,yes
calcite/query202-call-0.smt2,UNSAT,0.008213375,unsat,yes
calcite/query205-call-0.smt2,UNSAT,0.006051125,unsat,yes
calcite/query207-call-0.smt2,UNSAT,0.055425708,unsat,yes
calcite/query211-call-0.smt2,SAT,0.404425084,crash,n/a
calcite/query211-call-1.smt2,UNSAT,0.094338708,crash,n/a
calcite/query215-call-0.smt2,UNSAT,0.032103375,crash,n/a
calcite/query218-call-0.smt2,SAT,0.087170083,sat,yes
calcite/query218-call-1.smt2,UNSAT,0.125795542,sat,NO
calcite/query219-call-0.smt2,UNSAT,0.023649958,unsat,yes
calcite/query220-call-0.smt2,UNSAT,0.303927667,unsat,yes
calcite/query222-call-0.smt2,SAT,0.003339125,sat,yes
calcite/query222-call-1.smt2,SAT,0.003168,sat,yes
calcite/query222-call-2.smt2,SAT,0.003972167,sat,yes
calcite/query222-call-3.smt2,SAT,0.004002958,sat,yes
calcite/query222-call-4.smt2,SAT,0.007225834,crash,n/a
calcite/query222-call-5.smt2,SAT,0.007146166,crash,n/a
calcite/query222-call-6.smt2,SAT,0.179535625,crash,n/a
calcite/query222-call-7.smt2,UNSAT,0.100527333,crash,n/a
calcite/result.smt2,missing,,other,n/a
spark/query003-call-0.smt2,UNSAT,0.006623834,unsat,yes
spark/query004-call-0.smt2,UNSAT,0.003536791,unsat,yes
spark/query015-call-0.smt2,SAT,0.003752917,sat,yes
spark/query015-call-1.smt2,SAT,0.002966667,sat,yes
spark/query015-call-2.smt2,SAT,0.003168208,sat,yes
spark/query015-call-3.smt2,SAT,0.002960459,sat,yes
spark/query015-call-4.smt2,SAT,0.002591625,sat,yes
spark/query015-call-5.smt2,SAT,0.002786834,sat,yes
spark/query015-call-6.smt2,SAT,0.002728292,sat,yes
spark/query015-call-7.smt2,SAT,0.00255975,sat,yes
spark/query035-call-0.smt2,UNSAT,0.01015525,crash,n/a
spark/query036-call-0.smt2,UNSAT,0.008045041,crash,n/a
spark/query048-call-0.smt2,SAT,0.48806,sat,yes
spark/query048-call-1.smt2,UNSAT,0.114565208,sat,NO
spark/query054-call-0.smt2,SAT,0.002970833,crash,n/a
spark/query054-call-1.smt2,SAT,0.002665417,crash,n/a
spark/query054-call-10.smt2,SAT,0.002732958,crash,n/a
spark/query054-call-11.smt2,SAT,0.002763584,crash,n/a
spark/query054-call-12.smt2,SAT,0.002801125,crash,n/a
spark/query054-call-13.smt2,SAT,0.002658292,crash,n/a
spark/query054-call-14.smt2,SAT,0.002682292,crash,n/a
spark/query054-call-15.smt2,SAT,0.002614542,crash,n/a
spark/query054-call-16.smt2,SAT,0.002679417,crash,n/a
spark/query054-call-17.smt2,SAT,0.002716375,crash,n/a
spark/query054-call-2.smt2,SAT,0.002668042,crash,n/a
spark/query054-call-3.smt2,SAT,0.002665208,crash,n/a
spark/query054-call-4.smt2,SAT,0.002746667,crash,n/a
spark/query054-call-5.smt2,SAT,0.002740542,crash,n/a
spark/query054-call-6.smt2,SAT,0.002773125,crash,n/a
spark/query054-call-7.smt2,SAT,0.002669167,crash,n/a
spark/query054-call-8.smt2,SAT,0.002717459,crash,n/a
spark/query054-call-9.smt2,SAT,0.00279775,crash,n/a
spark/query055-call-0.smt2,SAT,0.004802917,crash,n/a
spark/query055-call-1.smt2,SAT,0.004693334,crash,n/a
spark/query055-call-10.smt2,SAT,0.004941208,crash,n/a
spark/query055-call-11.smt2,SAT,0.004259,crash,n/a
spark/query055-call-12.smt2,SAT,0.004298791,crash,n/a
spark/query055-call-13.smt2,SAT,0.004361667,crash,n/a
spark/query055-call-14.smt2,SAT,0.004002291,crash,n/a
spark/query055-call-15.smt2,SAT,0.004465,crash,n/a
spark/query055-call-16.smt2,SAT,0.00416825,crash,n/a
spark/query055-call-17.smt2,SAT,0.004283709,crash,n/a
spark/query055-call-2.smt2,SAT,0.004976833,crash,n/a
spark/query055-call-3.smt2,SAT,0.005883583,crash,n/a
spark/query055-call-4.smt2,SAT,0.004853708,crash,n/a
spark/query055-call-5.smt2,SAT,0.004517792,crash,n/a
spark/query055-call-6.smt2,SAT,0.00440975,crash,n/a
spark/query055-call-7.smt2,SAT,0.004245458,crash,n/a
spark/query055-call-8.smt2,SAT,0.010282792,crash,n/a
spark/query055-call-9.smt2,SAT,0.004421834,crash,n/a
spark/query070-call-0.smt2,UNSAT,0.028261209,crash,n/a
spark/query089-call-0.smt2,UNSAT,0.007536458,unsat,yes
spark/query090-call-0.smt2,UNKNOWN,0.00153575,unsat,n/a
spark/query090-call-1.smt2,UNKNOWN,0.001384875,unsat,n/a
spark/query090-call-2.smt2,UNSAT,0.0146845,crash,n/a
spark/query106-call-0.smt2,UNSAT,0.046001583,unsat,yes
spark/query107-call-0.smt2,UNSAT,0.046418291,unsat,yes
spark/result.smt2,missing,,other,n/a
tpc-h/query005-call-0.smt2,UNSAT,10.889662459,crash,n/a
tpc-h/query007-call-0.smt2,SAT,0.172796125,crash,n/a
tpc-h/query007-call-1.smt2,SAT,0.14746775,crash,n/a
tpc-h/query007-call-10.smt2,SAT,0.200256792,crash,n/a
tpc-h/query007-call-100.smt2,SAT,0.029646875,crash,n/a
tpc-h/query007-call-101.smt2,SAT,0.03320875,crash,n/a
tpc-h/query007-call-102.smt2,SAT,0.037757584,crash,n/a
tpc-h/query007-call-103.smt2,SAT,0.025275667,crash,n/a
tpc-h/query007-call-104.smt2,SAT,0.019065,crash,n/a
tpc-h/query007-call-105.smt2,SAT,0.029174958,crash,n/a
tpc-h/query007-call-106.smt2,SAT,0.03182675,crash,n/a
tpc-h/query007-call-107.smt2,SAT,0.032292792,crash,n/a
tpc-h/query007-call-108.smt2,SAT,0.115451167,crash,n/a
tpc-h/query007-call-109.smt2,SAT,0.026694167,crash,n/a
tpc-h/query007-call-11.smt2,SAT,0.808162833,crash,n/a
tpc-h/query007-call-110.smt2,SAT,0.024039791,crash,n/a
tpc-h/query007-call-111.smt2,SAT,0.031207834,crash,n/a
tpc-h/query007-call-112.smt2,SAT,0.021678584,crash,n/a
tpc-h/query007-call-113.smt2,SAT,0.025489792,crash,n/a
tpc-h/query007-call-114.smt2,SAT,0.02103175,crash,n/a
tpc-h/query007-call-115.smt2,SAT,0.02464425,crash,n/a
tpc-h/query007-call-116.smt2,SAT,0.018345167,crash,n/a
tpc-h/query007-call-117.smt2,SAT,0.028330333,crash,n/a
tpc-h/query007-call-118.smt2,SAT,0.036163209,crash,n/a
tpc-h/query007-call-119.smt2,SAT,0.030124916,crash,n/a
tpc-h/query007-call-12.smt2,SAT,0.166131542,crash,n/a
tpc-h/query007-call-120.smt2,SAT,0.021784208,crash,n/a
tpc-h/query007-call-121.smt2,SAT,0.036111125,crash,n/a
tpc-h/query007-call-122.smt2,SAT,0.018565709,crash,n/a
tpc-h/query007-call-123.smt2,SAT,0.035061208,crash,n/a
tpc-h/query007-call-124.smt2,SAT,0.025062375,crash,n/a
tpc-h/query007-call-125.smt2,SAT,0.023315209,crash,n/a
tpc-h/query007-call-126.smt2,SAT,0.018110375,crash,n/a
tpc-h/query007-call-127.smt2,SAT,0.028247,crash,n/a
tpc-h/query007-call-128.smt2,SAT,0.027986708,crash,n/a
tpc-h/query007-call-129.smt2,SAT,0.025911042,crash,n/a
tpc-h/query007-call-13.smt2,SAT,0.172448084,crash,n/a
tpc-h/query007-call-130.smt2,SAT,0.046274958,crash,n/a
tpc-h/query007-call-131.smt2,SAT,0.037344958,crash,n/a
tpc-h/query007-call-132.smt2,SAT,0.026497333,crash,n/a
tpc-h/query007-call-133.smt2,SAT,0.026668166,crash,n/a
tpc-h/query007-call-134.smt2,SAT,0.028800583,crash,n/a
tpc-h/query007-call-135.smt2,SAT,0.032760208,crash,n/a
tpc-h/query007-call-136.smt2,SAT,0.018830125,crash,n/a
tpc-h/query007-call-137.smt2,SAT,0.027278833,crash,n/a
tpc-h/query007-call-138.smt2,SAT,0.0336975,crash,n/a
tpc-h/query007-call-139.smt2,SAT,0.018431209,crash,n/a
tpc-h/query007-call-14.smt2,SAT,0.2757185,crash,n/a
tpc-h/query007-call-140.smt2,SAT,0.010621209,crash,n/a
tpc-h/query007-call-141.smt2,SAT,0.016484917,crash,n/a
tpc-h/query007-call-142.smt2,SAT,0.013381625,crash,n/a
tpc-h/query007-call-143.smt2,SAT,0.01253225,crash,n/a
tpc-h/query007-call-144.smt2,SAT,0.011165417,crash,n/a
tpc-h/query007-call-145.smt2,SAT,0.013381458,crash,n/a
tpc-h/query007-call-146.smt2,SAT,0.011968458,crash,n/a
tpc-h/query007-call-147.smt2,SAT,0.012121666,crash,n/a
tpc-h/query007-call-148.smt2,SAT,0.011209042,crash,n/a
tpc-h/query007-call-149.smt2,SAT,0.017264541,crash,n/a
tpc-h/query007-call-15.smt2,SAT,0.328838958,crash,n/a
tpc-h/query007-call-150.smt2,SAT,0.012020291,crash,n/a
tpc-h/query007-call-151.smt2,SAT,0.012305166,crash,n/a
tpc-h/query007-call-152.smt2,SAT,0.01260825,crash,n/a
tpc-h/query007-call-153.smt2,SAT,0.011664292,crash,n/a
tpc-h/query007-call-154.smt2,SAT,0.009927666,crash,n/a
tpc-h/query007-call-155.smt2,SAT,0.012432709,crash,n/a
tpc-h/query007-call-156.smt2,SAT,0.011142959,crash,n/a
tpc-h/query007-call-157.smt2,SAT,0.012414208,crash,n/a
tpc-h/query007-call-158.smt2,SAT,0.010234625,crash,n/a
tpc-h/query007-call-159.smt2,SAT,0.013741,crash,n/a
tpc-h/query007-call-16.smt2,SAT,0.147861375,crash,n/a
tpc-h/query007-call-160.smt2,SAT,0.026518042,crash,n/a
tpc-h/query007-call-161.smt2,SAT,0.03165025,crash,n/a
tpc-h/query007-call-162.smt2,SAT,0.039486209,crash,n/a
tpc-h/query007-call-163.smt2,SAT,0.023778458,crash,n/a
tpc-h/query007-call-164.smt2,SAT,0.040675417,crash,n/a
tpc-h/query007-call-165.smt2,SAT,0.030544292,crash,n/a
tpc-h/query007-call-166.smt2,SAT,0.029185333,crash,n/a
tpc-h/query007-call-167.smt2,SAT,0.026386291,crash,n/a
tpc-h/query007-call-168.smt2,SAT,0.048250958,crash,n/a
tpc-h/query007-call-169.smt2,SAT,0.05016675,crash,n/a
tpc-h/query007-call-17.smt2,SAT,0.249651208,crash,n/a
tpc-h/query007-call-170.smt2,SAT,0.027423625,crash,n/a
tpc-h/query007-call-171.smt2,SAT,0.038054125,crash,n/a
tpc-h/query007-call-172.smt2,SAT,0.023518,crash,n/a
tpc-h/query007-call-173.smt2,SAT,0.031661333,crash,n/a
tpc-h/query007-call-174.smt2,SAT,0.024603708,crash,n/a
tpc-h/query007-call-175.smt2,SAT,0.022451541,crash,n/a
tpc-h/query007-call-176.smt2,SAT,0.03444475,crash,n/a
tpc-h/query007-call-177.smt2,SAT,0.021971666,crash,n/a
tpc-h/query007-call-178.smt2,SAT,0.028912042,crash,n/a
tpc-h/query007-call-179.smt2,SAT,0.035064875,crash,n/a
tpc-h/query007-call-18.smt2,SAT,0.163640292,crash,n/a
tpc-h/query007-call-180.smt2,SAT,0.013872625,crash,n/a
tpc-h/query007-call-181.smt2,SAT,0.014609,crash,n/a
tpc-h/query007-call-182.smt2,SAT,0.012208083,crash,n/a
tpc-h/query007-call-183.smt2,SAT,0.013572125,crash,n/a
tpc-h/query007-call-184.smt2,SAT,0.010821458,crash,n/a
tpc-h/query007-call-185.smt2,SAT,0.0135195,crash,n/a
tpc-h/query007-call-186.smt2,SAT,0.011215208,crash,n/a
tpc-h/query007-call-187.smt2,SAT,0.012715083,crash,n/a
tpc-h/query007-call-188.smt2,SAT,0.013508292,crash,n/a
tpc-h/query007-call-189.smt2,SAT,0.011161584,crash,n/a
tpc-h/query007-call-19.smt2,SAT,0.170048833,crash,n/a
tpc-h/query007-call-190.smt2,SAT,0.010757833,crash,n/a
tpc-h/query007-call-191.smt2,SAT,0.010345292,crash,n/a
tpc-h/query007-call-192.smt2,SAT,0.012688875,crash,n/a
tpc-h/query007-call-193.smt2,SAT,0.023428709,crash,n/a
tpc-h/query007-call-194.smt2,SAT,0.014348667,crash,n/a
tpc-h/query007-call-195.smt2,SAT,0.015832958,crash,n/a
tpc-h/query007-call-196.smt2,SAT,0.013206625,crash,n/a
tpc-h/query007-call-197.smt2,SAT,0.010374667,crash,n/a
tpc-h/query007-call-198.smt2,SAT,0.016296875,crash,n/a
tpc-h/query007-call-199.smt2,SAT,0.013410333,crash,n/a
tpc-h/query007-call-2.smt2,SAT,0.252380167,crash,n/a
tpc-h/query007-call-20.smt2,SAT,0.010508458,crash,n/a
tpc-h/query007-call-200.smt2,SAT,0.236605542,crash,n/a
tpc-h/query007-call-201.smt2,SAT,0.2451295,crash,n/a
tpc-h/query007-call-202.smt2,UNSAT,28.777989167,crash,n/a
tpc-h/query007-call-21.smt2,SAT,0.012503417,crash,n/a
tpc-h/query007-call-22.smt2,SAT,0.014674375,crash,n/a
tpc-h/query007-call-23.smt2,SAT,0.010264708,crash,n/a
tpc-h/query007-call-24.smt2,SAT,0.014533458,crash,n/a
tpc-h/query007-call-25.smt2,SAT,0.016506584,crash,n/a
tpc-h/query007-call-26.smt2,SAT,0.014651458,crash,n/a
tpc-h/query007-call-27.smt2,SAT,0.010425416,crash,n/a
tpc-h/query007-call-28.smt2,SAT,0.010910917,crash,n/a
tpc-h/query007-call-29.smt2,SAT,0.01107675,crash,n/a
tpc-h/query007-call-3.smt2,SAT,0.1844365,crash,n/a
tpc-h/query007-call-30.smt2,SAT,0.0102085,crash,n/a
tpc-h/query007-call-31.smt2,SAT,0.01220825,crash,n/a
tpc-h/query007-call-32.smt2,SAT,0.0116645,crash,n/a
tpc-h/query007-call-33.smt2,SAT,0.0136395,crash,n/a
tpc-h/query007-call-34.smt2,SAT,0.009690291,crash,n/a
tpc-h/query007-call-35.smt2,SAT,0.013805833,crash,n/a
tpc-h/query007-call-36.smt2,SAT,0.010314625,crash,n/a
tpc-h/query007-call-37.smt2,SAT,0.01266025,crash,n/a
tpc-h/query007-call-38.smt2,SAT,0.013294584,crash,n/a
tpc-h/query007-call-39.smt2,SAT,0.012793,crash,n/a
tpc-h/query007-call-4.smt2,SAT,0.119586458,crash,n/a
tpc-h/query007-call-40.smt2,SAT,0.01652825,crash,n/a
tpc-h/query007-call-41.smt2,SAT,0.010166667,crash,n/a
tpc-h/query007-call-42.smt2,SAT,0.01298125,crash,n/a
tpc-h/query007-call-43.smt2,SAT,0.009218417,crash,n/a
tpc-h/query007-call-44.smt2,SAT,0.015696709,crash,n/a
tpc-h/query007-call-45.smt2,SAT,0.010006959,crash,n/a
tpc-h/query007-call-46.smt2,SAT,0.014322083,crash,n/a
tpc-h/query007-call-47.smt2,SAT,0.01182875,crash,n/a
tpc-h/query007-call-48.smt2,SAT,0.012727458,crash,n/a
tpc-h/query007-call-49.smt2,SAT,0.012415625,crash,n/a
tpc-h/query007-call-5.smt2,SAT,0.313356333,crash,n/a
tpc-h/query007-call-50.smt2,SAT,0.011262541,crash,n/a
tpc-h/query007-call-51.smt2,SAT,0.009693125,crash,n/a
tpc-h/query007-call-52.smt2,SAT,0.016061083,crash,n/a
tpc-h/query007-call-53.smt2,SAT,0.012154875,crash,n/a
tpc-h/query007-call-54.smt2,SAT,0.0116825,crash,n/a
tpc-h/query007-call-55.smt2,SAT,0.009685833,crash,n/a
tpc-h/query007-call-56.smt2,SAT,0.009793917,crash,n/a
tpc-h/query007-call-57.smt2,SAT,0.01150975,crash,n/a
tpc-h/query007-call-58.smt2,SAT,0.012365917,crash,n/a
tpc-h/query007-call-59.smt2,SAT,0.011787542,crash,n/a
tpc-h/query007-call-6.smt2,SAT,0.16092475,crash,n/a
tpc-h/query007-call-60.smt2,SAT,0.045262958,crash,n/a
tpc-h/query007-call-61.smt2,SAT,0.081170459,crash,n/a
tpc-h/query007-call-62.smt2,SAT,0.051214667,crash,n/a
tpc-h/query007-call-63.smt2,SAT,0.0494595,crash,n/a
tpc-h/query007-call-64.smt2,SAT,0.048705167,crash,n/a
tpc-h/query007-call-65.smt2,SAT,0.043457416,crash,n/a
tpc-h/query007-call-66.smt2,SAT,0.052472625,crash,n/a
tpc-h/query007-call-67.smt2,SAT,0.076762,crash,n/a
tpc-h/query007-call-68.smt2,SAT,0.08175025,crash,n/a
tpc-h/query007-call-69.smt2,SAT,0.065034333,crash,n/a
tpc-h/query007-call-7.smt2,SAT,0.132638875,crash,n/a
tpc-h/query007-call-70.smt2,SAT,0.051042625,crash,n/a
tpc-h/query007-call-71.smt2,SAT,0.077718292,crash,n/a
tpc-h/query007-call-72.smt2,SAT,0.061035083,crash,n/a
tpc-h/query007-call-73.smt2,SAT,0.067576042,crash,n/a
tpc-h/query007-call-74.smt2,SAT,0.09742325,crash,n/a
tpc-h/query007-call-75.smt2,SAT,0.048576208,crash,n/a
tpc-h/query007-call-76.smt2,SAT,0.048032084,crash,n/a
tpc-h/query007-call-77.smt2,SAT,0.054573166,crash,n/a
tpc-h/query007-call-78.smt2,SAT,0.068487459,crash,n/a
tpc-h/query007-call-79.smt2,SAT,0.0778445,crash,n/a
tpc-h/query007-call-8.smt2,SAT,0.252524041,crash,n/a
tpc-h/query007-call-80.smt2,SAT,0.012043541,crash,n/a
tpc-h/query007-call-81.smt2,SAT,0.012313583,crash,n/a
tpc-h/query007-call-82.smt2,SAT,0.016393834,crash,n/a
tpc-h/query007-call-83.smt2,SAT,0.010825708,crash,n/a
tpc-h/query007-call-84.smt2,SAT,0.010678583,crash,n/a
tpc-h/query007-call-85.smt2,SAT,0.011239834,crash,n/a
tpc-h/query007-call-86.smt2,SAT,0.014050875,crash,n/a
tpc-h/query007-call-87.smt2,SAT,0.010535916,crash,n/a
tpc-h/query007-call-88.smt2,SAT,0.014537,crash,n/a
tpc-h/query007-call-89.smt2,SAT,0.015507625,crash,n/a
tpc-h/query007-call-9.smt2,SAT,0.168859542,crash,n/a
tpc-h/query007-call-90.smt2,SAT,0.012196584,crash,n/a
tpc-h/query007-call-91.smt2,SAT,0.010321083,crash,n/a
tpc-h/query007-call-92.smt2,SAT,0.012614292,crash,n/a
tpc-h/query007-call-93.smt2,SAT,0.010735708,crash,n/a
tpc-h/query007-call-94.smt2,SAT,0.010641375,crash,n/a
tpc-h/query007-call-95.smt2,SAT,0.010565083,crash,n/a
tpc-h/query007-call-96.smt2,SAT,0.015787959,crash,n/a
tpc-h/query007-call-97.smt2,SAT,0.0102765,crash,n/a
tpc-h/query007-call-98.smt2,SAT,0.012515292,crash,n/a
tpc-h/query007-call-99.smt2,SAT,0.01044,crash,n/a
tpc-h/query008-call-0.smt2,SAT,0.268714625,crash,n/a
tpc-h/query008-call-1.smt2,SAT,0.435993,crash,n/a
tpc-h/query008-call-2.smt2,SAT,0.169940334,crash,n/a
tpc-h/query008-call-3.smt2,SAT,0.33171375,crash,n/a
tpc-h/query008-call-4.smt2,SAT,0.196183583,crash,n/a
tpc-h/query008-call-5.smt2,SAT,0.268837542,crash,n/a
tpc-h/query008-call-6.smt2,SAT,0.263879667,crash,n/a
tpc-h/query008-call-7.smt2,SAT,0.297905958,crash,n/a
tpc-h/query008-call-8.smt2,UNSAT,17.3468015,crash,n/a
tpc-h/query009-call-0.smt2,UNSAT,120.389137542,crash,n/a
tpc-h/query012-call-0.smt2,UNSAT,66.52717475,crash,n/a
tpc-h/query015-call-0.smt2,UNSAT,0.7245365,crash,n/a
tpc-h/query018-call-0.smt2,SAT,0.068929,crash,n/a
tpc-h/query018-call-1.smt2,SAT,0.059283708,crash,n/a
tpc-h/query018-call-2.smt2,SAT,0.095876625,sat,yes
tpc-h/query018-call-3.smt2,SAT,0.0520755,sat,yes
tpc-h/query018-call-4.smt2,UNSAT,403.413818125,crash,n/a
tpc-h/query022-call-0.smt2,SAT,1.863537,crash,n/a
tpc-h/query022-call-1.smt2,missing,,crash,n/a
tpc-h/result.smt2,missing,,other,n/a
