hash,kept_file,duplicate_file
00d308557b3287e2b1db57fcdbddc20e,./cvc5/spark/query015-call-0.smt2,./cvc5/spark/query015-call-1.smt2
00d308557b3287e2b1db57fcdbddc20e,./cvc5/spark/query015-call-0.smt2,./cvc5/spark/query015-call-2.smt2
00d308557b3287e2b1db57fcdbddc20e,./cvc5/spark/query015-call-0.smt2,./cvc5/spark/query015-call-3.smt2
00d308557b3287e2b1db57fcdbddc20e,./cvc5/spark/query015-call-0.smt2,./cvc5/spark/query015-call-4.smt2
00d308557b3287e2b1db57fcdbddc20e,./cvc5/spark/query015-call-0.smt2,./cvc5/spark/query015-call-5.smt2
00d308557b3287e2b1db57fcdbddc20e,./cvc5/spark/query015-call-0.smt2,./cvc5/spark/query015-call-6.smt2
00d308557b3287e2b1db57fcdbddc20e,./cvc5/spark/query015-call-0.smt2,./cvc5/spark/query015-call-7.smt2
02ced3792617ce232e9a9140f4dbe6b3,./cvc5/calcite/query176-call-0.smt2,./cvc5/calcite/query176-call-1.smt2
046d26bfeb492c000d9df56047c356b2,./cvc5/tpc-h/query007-call-172.smt2,./cvc5/tpc-h/query007-call-173.smt2
084a4f14f516a4b76cb23db8b21c4a62,./cvc5/tpc-h/query007-call-56.smt2,./cvc5/tpc-h/query007-call-57.smt2
09279393c3f6049030d7bae00dbfc5b0,./cvc5/tpc-h/query007-call-76.smt2,./cvc5/tpc-h/query007-call-77.smt2
10e6dc64c45ce396388b5acaf877587c,./cvc5/tpc-h/query007-call-14.smt2,./cvc5/tpc-h/query007-call-15.smt2
1952fb0265e9c2c6964fff4110c8edf4,./cvc5/tpc-h/query007-call-72.smt2,./cvc5/tpc-h/query007-call-73.smt2
1b423720338c0335412fed754c8b6895,./cvc5/tpc-h/query007-call-100.smt2,./cvc5/tpc-h/query007-call-101.smt2
1c427213f01b01471f383acbd3c69464,./cvc5/tpc-h/query007-call-108.smt2,./cvc5/tpc-h/query007-call-109.smt2
22a95a1bcc45c9b81e7c9d016096c9e9,./cvc5/calcite/query062-call-0.smt2,./cvc5/calcite/query062-call-1.smt2
286b1460d14c2160e5388d5472b41b75,./cvc5/tpc-h/query007-call-154.smt2,./cvc5/tpc-h/query007-call-155.smt2
286b1460d14c2160e5388d5472b41b75,./cvc5/tpc-h/query007-call-154.smt2,./cvc5/tpc-h/query007-call-194.smt2
286b1460d14c2160e5388d5472b41b75,./cvc5/tpc-h/query007-call-154.smt2,./cvc5/tpc-h/query007-call-195.smt2
286b1460d14c2160e5388d5472b41b75,./cvc5/tpc-h/query007-call-154.smt2,./cvc5/tpc-h/query007-call-34.smt2
286b1460d14c2160e5388d5472b41b75,./cvc5/tpc-h/query007-call-154.smt2,./cvc5/tpc-h/query007-call-35.smt2
286b1460d14c2160e5388d5472b41b75,./cvc5/tpc-h/query007-call-154.smt2,./cvc5/tpc-h/query007-call-94.smt2
286b1460d14c2160e5388d5472b41b75,./cvc5/tpc-h/query007-call-154.smt2,./cvc5/tpc-h/query007-call-95.smt2
290c86d7441ea350c25b88026e3b6826,./cvc5/tpc-h/query007-call-60.smt2,./cvc5/tpc-h/query007-call-61.smt2
293052deaf9de7761791929bc06d58d4,./cvc5/tpc-h/query007-call-68.smt2,./cvc5/tpc-h/query007-call-69.smt2
2bcfd7e4365895690862207f0c654035,./cvc5/calcite/query222-call-4.smt2,./cvc5/calcite/query222-call-5.smt2
2f58aa2b1d680c36b53aac42e7989a17,./cvc5/tpc-h/query007-call-64.smt2,./cvc5/tpc-h/query007-call-65.smt2
31b52f8bf5f01adb0bde4d98665366cf,./cvc5/tpc-h/query008-call-6.smt2,./cvc5/tpc-h/query008-call-7.smt2
31ba0c9cd74a9d7588b61a1f2d30f8a1,./cvc5/tpc-h/query007-call-118.smt2,./cvc5/tpc-h/query007-call-119.smt2
3b6832bdf9681667c0a4c9c49d278e26,./cvc5/spark/query055-call-16.smt2,./cvc5/spark/query055-call-17.smt2
3d3f9bd57a49afbf8737150bf0c4cbdf,./cvc5/calcite/query193-call-4.smt2,./cvc5/calcite/query193-call-5.smt2
3d3f9bd57a49afbf8737150bf0c4cbdf,./cvc5/calcite/query193-call-4.smt2,./cvc5/calcite/query193-call-6.smt2
3d3f9bd57a49afbf8737150bf0c4cbdf,./cvc5/calcite/query193-call-4.smt2,./cvc5/calcite/query193-call-7.smt2
3d617341d9e4a0306b804937ad4120dd,./cvc5/tpc-h/query007-call-18.smt2,./cvc5/tpc-h/query007-call-19.smt2
4325b39908eb1f391812aaa6a15d9d3b,./cvc5/tpc-h/query007-call-10.smt2,./cvc5/tpc-h/query007-call-11.smt2
43a0fb09112910a3042c8d81ddf803ec,./cvc5/tpc-h/query007-call-102.smt2,./cvc5/tpc-h/query007-call-103.smt2
456152e4a7ff2ac081dbc1d8e4456b59,./cvc5/calcite/query026-call-0.smt2,./cvc5/calcite/query026-call-1.smt2
456152e4a7ff2ac081dbc1d8e4456b59,./cvc5/calcite/query026-call-0.smt2,./cvc5/calcite/query026-call-2.smt2
456152e4a7ff2ac081dbc1d8e4456b59,./cvc5/calcite/query026-call-0.smt2,./cvc5/calcite/query026-call-3.smt2
4755a1d1c022334095ae650f8ec00915,./cvc5/tpc-h/query007-call-152.smt2,./cvc5/tpc-h/query007-call-153.smt2
4755a1d1c022334095ae650f8ec00915,./cvc5/tpc-h/query007-call-152.smt2,./cvc5/tpc-h/query007-call-192.smt2
4755a1d1c022334095ae650f8ec00915,./cvc5/tpc-h/query007-call-152.smt2,./cvc5/tpc-h/query007-call-193.smt2
4755a1d1c022334095ae650f8ec00915,./cvc5/tpc-h/query007-call-152.smt2,./cvc5/tpc-h/query007-call-32.smt2
4755a1d1c022334095ae650f8ec00915,./cvc5/tpc-h/query007-call-152.smt2,./cvc5/tpc-h/query007-call-33.smt2
4755a1d1c022334095ae650f8ec00915,./cvc5/tpc-h/query007-call-152.smt2,./cvc5/tpc-h/query007-call-92.smt2
4755a1d1c022334095ae650f8ec00915,./cvc5/tpc-h/query007-call-152.smt2,./cvc5/tpc-h/query007-call-93.smt2
4790be0c7a419b7a7a5769138709300a,./cvc5/spark/query055-call-0.smt2,./cvc5/spark/query055-call-1.smt2
4790be0c7a419b7a7a5769138709300a,./cvc5/spark/query055-call-0.smt2,./cvc5/spark/query055-call-14.smt2
4790be0c7a419b7a7a5769138709300a,./cvc5/spark/query055-call-0.smt2,./cvc5/spark/query055-call-15.smt2
4790be0c7a419b7a7a5769138709300a,./cvc5/spark/query055-call-0.smt2,./cvc5/spark/query055-call-6.smt2
4790be0c7a419b7a7a5769138709300a,./cvc5/spark/query055-call-0.smt2,./cvc5/spark/query055-call-7.smt2
4790be0c7a419b7a7a5769138709300a,./cvc5/spark/query055-call-0.smt2,./cvc5/spark/query055-call-8.smt2
4790be0c7a419b7a7a5769138709300a,./cvc5/spark/query055-call-0.smt2,./cvc5/spark/query055-call-9.smt2
47ccad2f750eab56e29e89244e26b5c7,./cvc5/tpc-h/query007-call-50.smt2,./cvc5/tpc-h/query007-call-51.smt2
4951ce375b3e9b0b268a49e35d1ddce0,./cvc5/tpc-h/query007-call-144.smt2,./cvc5/tpc-h/query007-call-145.smt2
4951ce375b3e9b0b268a49e35d1ddce0,./cvc5/tpc-h/query007-call-144.smt2,./cvc5/tpc-h/query007-call-184.smt2
4951ce375b3e9b0b268a49e35d1ddce0,./cvc5/tpc-h/query007-call-144.smt2,./cvc5/tpc-h/query007-call-185.smt2
4951ce375b3e9b0b268a49e35d1ddce0,./cvc5/tpc-h/query007-call-144.smt2,./cvc5/tpc-h/query007-call-24.smt2
4951ce375b3e9b0b268a49e35d1ddce0,./cvc5/tpc-h/query007-call-144.smt2,./cvc5/tpc-h/query007-call-25.smt2
4951ce375b3e9b0b268a49e35d1ddce0,./cvc5/tpc-h/query007-call-144.smt2,./cvc5/tpc-h/query007-call-84.smt2
4951ce375b3e9b0b268a49e35d1ddce0,./cvc5/tpc-h/query007-call-144.smt2,./cvc5/tpc-h/query007-call-85.smt2
4ae9fa069bc8d9f9e1f82c30e24e9066,./cvc5/tpc-h/query007-call-44.smt2,./cvc5/tpc-h/query007-call-45.smt2
4b1f2dd7d9c09b903a9697ea41aa913a,./cvc5/tpc-h/query007-call-122.smt2,./cvc5/tpc-h/query007-call-123.smt2
4c1a2dae2dc0bdd13448c0e127439493,./cvc5/calcite/query193-call-0.smt2,./cvc5/calcite/query193-call-1.smt2
4c1a2dae2dc0bdd13448c0e127439493,./cvc5/calcite/query193-call-0.smt2,./cvc5/calcite/query193-call-2.smt2
4c1a2dae2dc0bdd13448c0e127439493,./cvc5/calcite/query193-call-0.smt2,./cvc5/calcite/query193-call-3.smt2
4c89529a4beaec706fed50c96dae82cf,./cvc5/calcite/query126-call-4.smt2,./cvc5/calcite/query126-call-5.smt2
4c89529a4beaec706fed50c96dae82cf,./cvc5/calcite/query126-call-4.smt2,./cvc5/calcite/query126-call-6.smt2
4c89529a4beaec706fed50c96dae82cf,./cvc5/calcite/query126-call-4.smt2,./cvc5/calcite/query126-call-7.smt2
4d4bee9e7ce590df4e76321a6beb4b7e,./cvc5/tpc-h/query007-call-150.smt2,./cvc5/tpc-h/query007-call-151.smt2
4d4bee9e7ce590df4e76321a6beb4b7e,./cvc5/tpc-h/query007-call-150.smt2,./cvc5/tpc-h/query007-call-190.smt2
4d4bee9e7ce590df4e76321a6beb4b7e,./cvc5/tpc-h/query007-call-150.smt2,./cvc5/tpc-h/query007-call-191.smt2
4d4bee9e7ce590df4e76321a6beb4b7e,./cvc5/tpc-h/query007-call-150.smt2,./cvc5/tpc-h/query007-call-30.smt2
4d4bee9e7ce590df4e76321a6beb4b7e,./cvc5/tpc-h/query007-call-150.smt2,./cvc5/tpc-h/query007-call-31.smt2
4d4bee9e7ce590df4e76321a6beb4b7e,./cvc5/tpc-h/query007-call-150.smt2,./cvc5/tpc-h/query007-call-90.smt2
4d4bee9e7ce590df4e76321a6beb4b7e,./cvc5/tpc-h/query007-call-150.smt2,./cvc5/tpc-h/query007-call-91.smt2
5508189e22bf569da6393907e3ad8d9a,./cvc5/calcite/query013-call-0.smt2,./cvc5/calcite/query195-call-0.smt2
553f9959ca27faec5f377dff77170a58,./cvc5/tpc-h/query007-call-130.smt2,./cvc5/tpc-h/query007-call-131.smt2
55ee3dde14f27e6b5df6e797180c2cb7,./cvc5/calcite/query222-call-2.smt2,./cvc5/calcite/query222-call-3.smt2
57c516bf5b972eba37294e251b8cc47e,./cvc5/tpc-h/query007-call-134.smt2,./cvc5/tpc-h/query007-call-135.smt2
58c736db3be39092d3f7b002f786b7c0,./cvc5/tpc-h/query007-call-114.smt2,./cvc5/tpc-h/query007-call-115.smt2
5bd9028902061d68bca76ed6a168fe01,./cvc5/tpc-h/query007-call-66.smt2,./cvc5/tpc-h/query007-call-67.smt2
5cb226be9b76daafe0a417352c1ef378,./cvc5/tpc-h/query007-call-42.smt2,./cvc5/tpc-h/query007-call-43.smt2
5d2e27a906c693a0dd40a6f42d86af48,./cvc5/tpc-h/query007-call-120.smt2,./cvc5/tpc-h/query007-call-121.smt2
5e08b4c625d097678b7ba6f625f6e1e4,./cvc5/tpc-h/query007-call-170.smt2,./cvc5/tpc-h/query007-call-171.smt2
6626e5a6a8e2174a03d8393582d5f4e8,./cvc5/tpc-h/query007-call-156.smt2,./cvc5/tpc-h/query007-call-157.smt2
6626e5a6a8e2174a03d8393582d5f4e8,./cvc5/tpc-h/query007-call-156.smt2,./cvc5/tpc-h/query007-call-196.smt2
6626e5a6a8e2174a03d8393582d5f4e8,./cvc5/tpc-h/query007-call-156.smt2,./cvc5/tpc-h/query007-call-197.smt2
6626e5a6a8e2174a03d8393582d5f4e8,./cvc5/tpc-h/query007-call-156.smt2,./cvc5/tpc-h/query007-call-36.smt2
6626e5a6a8e2174a03d8393582d5f4e8,./cvc5/tpc-h/query007-call-156.smt2,./cvc5/tpc-h/query007-call-37.smt2
6626e5a6a8e2174a03d8393582d5f4e8,./cvc5/tpc-h/query007-call-156.smt2,./cvc5/tpc-h/query007-call-96.smt2
6626e5a6a8e2174a03d8393582d5f4e8,./cvc5/tpc-h/query007-call-156.smt2,./cvc5/tpc-h/query007-call-97.smt2
6694267d2b8e38d83126da20c9a293dc,./cvc5/tpc-h/query007-call-132.smt2,./cvc5/tpc-h/query007-call-133.smt2
6729729e3b2a61c4c704fa130f031489,./cvc5/tpc-h/query007-call-78.smt2,./cvc5/tpc-h/query007-call-79.smt2
68d3e81efda825cc41b9ce8b58817546,./cvc5/tpc-h/query007-call-126.smt2,./cvc5/tpc-h/query007-call-127.smt2
6be143a18b970962de4b5e98f31fe20b,./cvc5/tpc-h/query008-call-2.smt2,./cvc5/tpc-h/query008-call-3.smt2
704309ff8a19363309e547e5cd8ef1de,./cvc5/tpc-h/query022-call-0.smt2,./cvc5/tpc-h/query022-call-1.smt2
7260d9a917dfad206ecc88bd30de2bf7,./cvc5/tpc-h/query007-call-200.smt2,./cvc5/tpc-h/query007-call-201.smt2
773ff3062e3ab05906a1eb9e0be4a7a4,./cvc5/tpc-h/query007-call-146.smt2,./cvc5/tpc-h/query007-call-147.smt2
773ff3062e3ab05906a1eb9e0be4a7a4,./cvc5/tpc-h/query007-call-146.smt2,./cvc5/tpc-h/query007-call-186.smt2
773ff3062e3ab05906a1eb9e0be4a7a4,./cvc5/tpc-h/query007-call-146.smt2,./cvc5/tpc-h/query007-call-187.smt2
773ff3062e3ab05906a1eb9e0be4a7a4,./cvc5/tpc-h/query007-call-146.smt2,./cvc5/tpc-h/query007-call-26.smt2
773ff3062e3ab05906a1eb9e0be4a7a4,./cvc5/tpc-h/query007-call-146.smt2,./cvc5/tpc-h/query007-call-27.smt2
773ff3062e3ab05906a1eb9e0be4a7a4,./cvc5/tpc-h/query007-call-146.smt2,./cvc5/tpc-h/query007-call-86.smt2
773ff3062e3ab05906a1eb9e0be4a7a4,./cvc5/tpc-h/query007-call-146.smt2,./cvc5/tpc-h/query007-call-87.smt2
7cfb0164e651a3f9ea47bcaff448ec83,./cvc5/spark/query090-call-0.smt2,./cvc5/spark/query090-call-1.smt2
7cfb4e79c0d021534fa0a18d9c3d77eb,./cvc5/tpc-h/query007-call-46.smt2,./cvc5/tpc-h/query007-call-47.smt2
7d3b59e82cd1ff3c40f9f037fac8d5e6,./cvc5/tpc-h/query007-call-48.smt2,./cvc5/tpc-h/query007-call-49.smt2
7e2b72186c3d17ba3f116c33d62a28c8,./cvc5/tpc-h/query007-call-12.smt2,./cvc5/tpc-h/query007-call-13.smt2
83cfbe5ff7ac28696cb55a9706a0dbee,./cvc5/tpc-h/query007-call-8.smt2,./cvc5/tpc-h/query007-call-9.smt2
8496e162969489622669e5f30fe879be,./cvc5/tpc-h/query007-call-54.smt2,./cvc5/tpc-h/query007-call-55.smt2
85d6cff9c0ed6dc564b0607642e8a7a8,./cvc5/tpc-h/query007-call-136.smt2,./cvc5/tpc-h/query007-call-137.smt2
89315c53dc1c1d77c1102b4bad56b9b2,./cvc5/tpc-h/query007-call-148.smt2,./cvc5/tpc-h/query007-call-149.smt2
89315c53dc1c1d77c1102b4bad56b9b2,./cvc5/tpc-h/query007-call-148.smt2,./cvc5/tpc-h/query007-call-188.smt2
89315c53dc1c1d77c1102b4bad56b9b2,./cvc5/tpc-h/query007-call-148.smt2,./cvc5/tpc-h/query007-call-189.smt2
89315c53dc1c1d77c1102b4bad56b9b2,./cvc5/tpc-h/query007-call-148.smt2,./cvc5/tpc-h/query007-call-28.smt2
89315c53dc1c1d77c1102b4bad56b9b2,./cvc5/tpc-h/query007-call-148.smt2,./cvc5/tpc-h/query007-call-29.smt2
89315c53dc1c1d77c1102b4bad56b9b2,./cvc5/tpc-h/query007-call-148.smt2,./cvc5/tpc-h/query007-call-88.smt2
89315c53dc1c1d77c1102b4bad56b9b2,./cvc5/tpc-h/query007-call-148.smt2,./cvc5/tpc-h/query007-call-89.smt2
8bc6dcad1ea7a93c804e9c87fc95c80c,./cvc5/tpc-h/query007-call-166.smt2,./cvc5/tpc-h/query007-call-167.smt2
9068fb65e9ebfd96de99781da486440c,./cvc5/tpc-h/query007-call-168.smt2,./cvc5/tpc-h/query007-call-169.smt2
910c9012c1fa7029bc11fc371735e9dc,./cvc5/calcite/query151-call-0.smt2,./cvc5/calcite/query183-call-0.smt2
95dc1db3b5bb3db1680f0f9fb3d7c99e,./cvc5/tpc-h/query008-call-4.smt2,./cvc5/tpc-h/query008-call-5.smt2
96bfa4db62c5d1bfaaf193252676e172,./cvc5/tpc-h/query007-call-178.smt2,./cvc5/tpc-h/query007-call-179.smt2
9a5c9d7489c9a0993b073f96a5635a5d,./cvc5/tpc-h/query007-call-16.smt2,./cvc5/tpc-h/query007-call-17.smt2
a04e0528b62994865f8fd424ea522116,./cvc5/calcite/query222-call-0.smt2,./cvc5/calcite/query222-call-1.smt2
a087f3632afcc217692e72f6cfe6cdbd,./cvc5/tpc-h/query007-call-112.smt2,./cvc5/tpc-h/query007-call-113.smt2
a08b7184f81fae2a516aa6a8ee5b7a22,./cvc5/spark/query035-call-0.smt2,./cvc5/spark/query036-call-0.smt2
a20a72173e42d5c46c0e1bbe53e34770,./cvc5/tpc-h/query007-call-128.smt2,./cvc5/tpc-h/query007-call-129.smt2
a56fceb7db45d88ffe23295dc2811a93,./cvc5/tpc-h/query007-call-0.smt2,./cvc5/tpc-h/query007-call-1.smt2
a76d4b53c9f1ae06a687a7ce0eaefa47,./cvc5/tpc-h/query007-call-62.smt2,./cvc5/tpc-h/query007-call-63.smt2
a8295d2ea6f00cc3d391d4cfdeec6334,./cvc5/calcite/query222-call-6.smt2,./cvc5/calcite/query222-call-7.smt2
a8fbe4a011814f445b18ebe3ab189d7b,./cvc5/tpc-h/query007-call-106.smt2,./cvc5/tpc-h/query007-call-107.smt2
aaac362cb94a4c702007ae092d483eea,./cvc5/tpc-h/query007-call-2.smt2,./cvc5/tpc-h/query007-call-3.smt2
ae75f51b90237cc26002332554eff5bd,./cvc5/calcite/query126-call-0.smt2,./cvc5/calcite/query126-call-1.smt2
ae75f51b90237cc26002332554eff5bd,./cvc5/calcite/query126-call-0.smt2,./cvc5/calcite/query126-call-2.smt2
ae75f51b90237cc26002332554eff5bd,./cvc5/calcite/query126-call-0.smt2,./cvc5/calcite/query126-call-3.smt2
b11d7ef98a3d6ad7758f5506a19f3fe7,./cvc5/tpc-h/query007-call-116.smt2,./cvc5/tpc-h/query007-call-117.smt2
b15643ff35682de038909cf4d7197de1,./cvc5/calcite/query191-call-0.smt2,./cvc5/calcite/query191-call-1.smt2
b4b82e982e129b6e8c9f80eb622dec3f,./cvc5/tpc-h/query007-call-104.smt2,./cvc5/tpc-h/query007-call-105.smt2
b78ea682d6938b85cf9a52a6793fb18b,./cvc5/tpc-h/query007-call-74.smt2,./cvc5/tpc-h/query007-call-75.smt2
b9048220295b32621444d6fbcbb4da34,./cvc5/tpc-h/query007-call-174.smt2,./cvc5/tpc-h/query007-call-175.smt2
bae5b3097becd64461340b7e2af268f0,./cvc5/tpc-h/query007-call-4.smt2,./cvc5/tpc-h/query007-call-5.smt2
c2aab2d8500a59d5d7c7365fbe2c1a49,./cvc5/tpc-h/query007-call-162.smt2,./cvc5/tpc-h/query007-call-163.smt2
c8df77bf4bc077bdde85f768586da579,./cvc5/tpc-h/query007-call-58.smt2,./cvc5/tpc-h/query007-call-59.smt2
c964960b700d0de5258347724f0ac969,./cvc5/calcite/query211-call-0.smt2,./cvc5/calcite/query211-call-1.smt2
cfe5106b706aa3568c204d1fe06ce570,./cvc5/tpc-h/query007-call-176.smt2,./cvc5/tpc-h/query007-call-177.smt2
d26c3faacf697a15998384080a9f56e5,./cvc5/calcite/query062-call-2.smt2,./cvc5/calcite/query062-call-3.smt2
d33f1fb8357f315c57cad757552d3ac3,./cvc5/tpc-h/query007-call-40.smt2,./cvc5/tpc-h/query007-call-41.smt2
d4271432f9e79b6ec99feab5ce3bf130,./cvc5/tpc-h/query007-call-124.smt2,./cvc5/tpc-h/query007-call-125.smt2
d93707f4c37795529b37be11aa0b1bf6,./cvc5/tpc-h/query007-call-138.smt2,./cvc5/tpc-h/query007-call-139.smt2
d9851ed71c312715ace4e9fc2a10e1fe,./cvc5/tpc-h/query007-call-6.smt2,./cvc5/tpc-h/query007-call-7.smt2
d9fe82217ec03b9c49e9509e5d31cc93,./cvc5/tpc-h/query007-call-70.smt2,./cvc5/tpc-h/query007-call-71.smt2
dc4261cb041afebedc1be987cc3a8d8f,./cvc5/spark/query054-call-0.smt2,./cvc5/spark/query054-call-1.smt2
dc4261cb041afebedc1be987cc3a8d8f,./cvc5/spark/query054-call-0.smt2,./cvc5/spark/query054-call-10.smt2
dc4261cb041afebedc1be987cc3a8d8f,./cvc5/spark/query054-call-0.smt2,./cvc5/spark/query054-call-11.smt2
dc4261cb041afebedc1be987cc3a8d8f,./cvc5/spark/query054-call-0.smt2,./cvc5/spark/query054-call-12.smt2
dc4261cb041afebedc1be987cc3a8d8f,./cvc5/spark/query054-call-0.smt2,./cvc5/spark/query054-call-13.smt2
dc4261cb041afebedc1be987cc3a8d8f,./cvc5/spark/query054-call-0.smt2,./cvc5/spark/query054-call-14.smt2
dc4261cb041afebedc1be987cc3a8d8f,./cvc5/spark/query054-call-0.smt2,./cvc5/spark/query054-call-15.smt2
dc4261cb041afebedc1be987cc3a8d8f,./cvc5/spark/query054-call-0.smt2,./cvc5/spark/query054-call-16.smt2
dc4261cb041afebedc1be987cc3a8d8f,./cvc5/spark/query054-call-0.smt2,./cvc5/spark/query054-call-17.smt2
dc4261cb041afebedc1be987cc3a8d8f,./cvc5/spark/query054-call-0.smt2,./cvc5/spark/query054-call-2.smt2
dc4261cb041afebedc1be987cc3a8d8f,./cvc5/spark/query054-call-0.smt2,./cvc5/spark/query054-call-3.smt2
dc4261cb041afebedc1be987cc3a8d8f,./cvc5/spark/query054-call-0.smt2,./cvc5/spark/query054-call-4.smt2
dc4261cb041afebedc1be987cc3a8d8f,./cvc5/spark/query054-call-0.smt2,./cvc5/spark/query054-call-5.smt2
dc4261cb041afebedc1be987cc3a8d8f,./cvc5/spark/query054-call-0.smt2,./cvc5/spark/query054-call-6.smt2
dc4261cb041afebedc1be987cc3a8d8f,./cvc5/spark/query054-call-0.smt2,./cvc5/spark/query054-call-7.smt2
dc4261cb041afebedc1be987cc3a8d8f,./cvc5/spark/query054-call-0.smt2,./cvc5/spark/query054-call-8.smt2
dc4261cb041afebedc1be987cc3a8d8f,./cvc5/spark/query054-call-0.smt2,./cvc5/spark/query054-call-9.smt2
ddee4017a0c54afa12d7c3f2a079d205,./cvc5/tpc-h/query007-call-158.smt2,./cvc5/tpc-h/query007-call-159.smt2
ddee4017a0c54afa12d7c3f2a079d205,./cvc5/tpc-h/query007-call-158.smt2,./cvc5/tpc-h/query007-call-198.smt2
ddee4017a0c54afa12d7c3f2a079d205,./cvc5/tpc-h/query007-call-158.smt2,./cvc5/tpc-h/query007-call-199.smt2
ddee4017a0c54afa12d7c3f2a079d205,./cvc5/tpc-h/query007-call-158.smt2,./cvc5/tpc-h/query007-call-38.smt2
ddee4017a0c54afa12d7c3f2a079d205,./cvc5/tpc-h/query007-call-158.smt2,./cvc5/tpc-h/query007-call-39.smt2
ddee4017a0c54afa12d7c3f2a079d205,./cvc5/tpc-h/query007-call-158.smt2,./cvc5/tpc-h/query007-call-98.smt2
ddee4017a0c54afa12d7c3f2a079d205,./cvc5/tpc-h/query007-call-158.smt2,./cvc5/tpc-h/query007-call-99.smt2
de2fd3ab271de972822b64518d33d476,./cvc5/tpc-h/query007-call-142.smt2,./cvc5/tpc-h/query007-call-143.smt2
de2fd3ab271de972822b64518d33d476,./cvc5/tpc-h/query007-call-142.smt2,./cvc5/tpc-h/query007-call-182.smt2
de2fd3ab271de972822b64518d33d476,./cvc5/tpc-h/query007-call-142.smt2,./cvc5/tpc-h/query007-call-183.smt2
de2fd3ab271de972822b64518d33d476,./cvc5/tpc-h/query007-call-142.smt2,./cvc5/tpc-h/query007-call-22.smt2
de2fd3ab271de972822b64518d33d476,./cvc5/tpc-h/query007-call-142.smt2,./cvc5/tpc-h/query007-call-23.smt2
de2fd3ab271de972822b64518d33d476,./cvc5/tpc-h/query007-call-142.smt2,./cvc5/tpc-h/query007-call-82.smt2
de2fd3ab271de972822b64518d33d476,./cvc5/tpc-h/query007-call-142.smt2,./cvc5/tpc-h/query007-call-83.smt2
defe54faa26424d9d561d051a56a868b,./cvc5/tpc-h/query007-call-160.smt2,./cvc5/tpc-h/query007-call-161.smt2
e08d7d063d5cf1478ba8ccc578b958f5,./cvc5/calcite/query218-call-0.smt2,./cvc5/calcite/query218-call-1.smt2
e3d5b390987b47d549309b6d8157e57c,./cvc5/tpc-h/query007-call-110.smt2,./cvc5/tpc-h/query007-call-111.smt2
e82c7487342e529969640ac9fc00090d,./cvc5/spark/query055-call-10.smt2,./cvc5/spark/query055-call-11.smt2
e82c7487342e529969640ac9fc00090d,./cvc5/spark/query055-call-10.smt2,./cvc5/spark/query055-call-12.smt2
e82c7487342e529969640ac9fc00090d,./cvc5/spark/query055-call-10.smt2,./cvc5/spark/query055-call-13.smt2
e82c7487342e529969640ac9fc00090d,./cvc5/spark/query055-call-10.smt2,./cvc5/spark/query055-call-2.smt2
e82c7487342e529969640ac9fc00090d,./cvc5/spark/query055-call-10.smt2,./cvc5/spark/query055-call-3.smt2
e82c7487342e529969640ac9fc00090d,./cvc5/spark/query055-call-10.smt2,./cvc5/spark/query055-call-4.smt2
e82c7487342e529969640ac9fc00090d,./cvc5/spark/query055-call-10.smt2,./cvc5/spark/query055-call-5.smt2
ead4b9d16b540c240aa4fce0f468a2f5,./cvc5/tpc-h/query008-call-0.smt2,./cvc5/tpc-h/query008-call-1.smt2
ed7131928a80f8ebc083e1070c49f212,./cvc5/tpc-h/query007-call-52.smt2,./cvc5/tpc-h/query007-call-53.smt2
f0b1644cf674bf62059a91b0d1d54453,./cvc5/tpc-h/query007-call-164.smt2,./cvc5/tpc-h/query007-call-165.smt2
f35a6281c1d133b6821d0d6a2080c8ce,./cvc5/spark/query048-call-0.smt2,./cvc5/spark/query048-call-1.smt2
fcc0c6fda1d249a153a115c71fdc8da2,./cvc5/tpc-h/query007-call-140.smt2,./cvc5/tpc-h/query007-call-141.smt2
fcc0c6fda1d249a153a115c71fdc8da2,./cvc5/tpc-h/query007-call-140.smt2,./cvc5/tpc-h/query007-call-180.smt2
fcc0c6fda1d249a153a115c71fdc8da2,./cvc5/tpc-h/query007-call-140.smt2,./cvc5/tpc-h/query007-call-181.smt2
fcc0c6fda1d249a153a115c71fdc8da2,./cvc5/tpc-h/query007-call-140.smt2,./cvc5/tpc-h/query007-call-20.smt2
fcc0c6fda1d249a153a115c71fdc8da2,./cvc5/tpc-h/query007-call-140.smt2,./cvc5/tpc-h/query007-call-21.smt2
fcc0c6fda1d249a153a115c71fdc8da2,./cvc5/tpc-h/query007-call-140.smt2,./cvc5/tpc-h/query007-call-80.smt2
fcc0c6fda1d249a153a115c71fdc8da2,./cvc5/tpc-h/query007-call-140.smt2,./cvc5/tpc-h/query007-call-81.smt2
